{
  "id": {
    "providerName": "admin",
    "apiName": "Firealarm",
    "version": "1.0"
  },
  "description": "Firealarm API",
  "context": "/firealarm/1.0",
  "contextTemplate": "/firealarm/{version}",
  "tags": [],
  "documents": [],
  "lastUpdated": "Jul 6, 2015 2:27:43 AM",
  "availableTiers": [
    {
      "name": "Unlimited",
      "displayName": "Unlimited",
      "description": "Allows unlimited requests",
      "requestsPerMin": 9223372036854775807
    }
  ],
  "uriTemplates": [
    {
      "uriTemplate": "/controller/readtemperature",
      "httpVerb": "GET",
      "authType": "Application_User",
      "httpVerbs": [
        "GET",
        "OPTIONS"
      ],
      "authTypes": [
        "Application_User",
        "Application_User"
      ],
      "throttlingTier": "Unlimited",
      "throttlingTiers": [
        "Unlimited",
        "Unlimited"
      ],
      "mediationScript": "null",
      "scopes": [
        null,
        null
      ],
      "mediationScripts": {}
    },
    {
      "uriTemplate": "/controller/push_temperature",
      "httpVerb": "POST",
      "authType": "Application_User",
      "httpVerbs": [
        "POST",
        "OPTIONS"
      ],
      "authTypes": [
        "Application_User",
        "Application_User"
      ],
      "throttlingTier": "Unlimited",
      "throttlingTiers": [
        "Unlimited",
        "Unlimited"
      ],
      "mediationScript": "null",
      "scopes": [
        null,
        null
      ],
      "mediationScripts": {}
    },
    {
      "uriTemplate": "/controller/bulb/{state}",
      "httpVerb": "POST",
      "authType": "Any",
      "httpVerbs": [
        "POST",
        "OPTIONS"
      ],
      "authTypes": [
        "Any",
        "Any"
      ],
      "throttlingTier": "Unlimited",
      "throttlingTiers": [
        "Unlimited",
        "Unlimited"
      ],
      "mediationScript": "null",
      "scopes": [
        null,
        null
      ],
      "mediationScripts": {}
    },
    {
      "uriTemplate": "/controller/register/{owner}/{deviceId}/{ip}",
      "httpVerb": "POST",
      "authType": "Any",
      "httpVerbs": [
        "POST",
        "OPTIONS"
      ],
      "authTypes": [
        "Any",
        "Any"
      ],
      "throttlingTier": "Unlimited",
      "throttlingTiers": [
        "Unlimited",
        "Unlimited"
      ],
      "mediationScript": "null",
      "scopes": [
        null,
        null
      ],
      "mediationScripts": {}
    },
    {
      "uriTemplate": "/manager/devices/{username}",
      "httpVerb": "GET",
      "authType": "Any",
      "httpVerbs": [
        "GET",
        "OPTIONS"
      ],
      "authTypes": [
        "Any",
        "Any"
      ],
      "throttlingTier": "Unlimited",
      "throttlingTiers": [
        "Unlimited",
        "Unlimited"
      ],
      "mediationScript": "null",
      "scopes": [
        null,
        null
      ],
      "mediationScripts": {}
    }
  ],
  "apiHeaderChanged": false,
  "apiResourcePatternsChanged": false,
  "status": "CREATED",
  "visibility": "public",
  "endpointSecured": false,
  "transports": "http,https",
  "advertiseOnly": false,
  "endpointConfig": "{\"production_endpoints\":{\"url\":\"http://192.168.57.128:9763/firealarm\",\"config\":null},\"implementation_status\":\"managed\",\"endpoint_type\":\"http\"}",
  "responseCache": "Disabled",
  "cacheTimeout": 300,
  "destinationStatsEnabled": "Disabled",
  "implementation": "ENDPOINT",
  "scopes": [],
  "isDefaultVersion": false,
  "isPublishedDefaultVersion": false,
  "environments": [
    "Production and Sandbox"
  ],
  "rating": 0.0,
  "isLatest": true
}