{
  "paths": {
    "/controller/readtemperature": {
      "get": {
        "x-auth-type": "Application User",
        "x-scope": "",
        "x-throttling-tier": "Unlimited",
        "parameters": [
          {
            "name": "owner",
            "required": true,
            "type": "string",
            "in": "query"
          },
          {
            "name": "deviceId",
            "required": true,
            "type": "string",
            "in": "query"
          }
        ],
        "responses": {
          "200": {}
        }
      },
      "options": {
        "x-auth-type": "Application User",
        "x-scope": "",
        "x-throttling-tier": "Unlimited",
        "responses": {
          "200": {}
        }
      }
    },
    "/controller/push_temperature": {
      "post": {
        "x-auth-type": "Application User",
        "x-scope": "",
        "x-throttling-tier": "Unlimited",
        "responses": {
          "200": {}
        }
      },
      "options": {
        "x-auth-type": "Application User",
        "x-scope": "",
        "x-throttling-tier": "Unlimited",
        "responses": {
          "200": {}
        }
      }
    },
    "/controller/bulb/{state}": {
      "post": {
        "x-auth-type": "Application \u0026 Application User",
        "x-throttling-tier": "Unlimited",
        "parameters": [
          {
            "name": "state",
            "allowMultiple": false,
            "required": true,
            "type": "string",
            "in": "path"
          }
        ],
        "responses": {
          "200": {}
        }
      },
      "options": {
        "x-auth-type": "Application \u0026 Application User",
        "x-throttling-tier": "Unlimited",
        "parameters": [
          {
            "name": "state",
            "allowMultiple": false,
            "required": true,
            "type": "string",
            "in": "path"
          }
        ],
        "responses": {
          "200": {}
        }
      }
    },
    "/controller/register/{owner}/{deviceId}/{ip}": {
      "post": {
        "x-auth-type": "Application \u0026 Application User",
        "x-throttling-tier": "Unlimited",
        "parameters": [
          {
            "name": "owner",
            "allowMultiple": false,
            "required": true,
            "type": "string",
            "in": "path"
          },
          {
            "name": "deviceId",
            "allowMultiple": false,
            "required": true,
            "type": "string",
            "in": "path"
          },
          {
            "name": "ip",
            "allowMultiple": false,
            "required": true,
            "type": "string",
            "in": "path"
          }
        ],
        "responses": {
          "200": {}
        }
      },
      "options": {
        "x-auth-type": "Application \u0026 Application User",
        "x-throttling-tier": "Unlimited",
        "parameters": [
          {
            "name": "owner",
            "allowMultiple": false,
            "required": true,
            "type": "string",
            "in": "path"
          },
          {
            "name": "deviceId",
            "allowMultiple": false,
            "required": true,
            "type": "string",
            "in": "path"
          },
          {
            "name": "ip",
            "allowMultiple": false,
            "required": true,
            "type": "string",
            "in": "path"
          }
        ],
        "responses": {
          "200": {}
        }
      }
    },
    "/manager/devices/{username}": {
      "get": {
        "x-auth-type": "Application \u0026 Application User",
        "x-throttling-tier": "Unlimited",
        "parameters": [
          {
            "name": "username",
            "allowMultiple": false,
            "type": "string",
            "required": true,
            "in": "path"
          }
        ],
        "responses": {
          "200": {}
        }
      },
      "options": {
        "x-auth-type": "Application \u0026 Application User",
        "x-throttling-tier": "Unlimited",
        "parameters": [
          {
            "name": "username",
            "allowMultiple": false,
            "type": "string",
            "required": true,
            "in": "path"
          }
        ],
        "responses": {
          "200": {}
        }
      }
    }
  },
  "x-wso2-security": {
    "apim": {
      "x-wso2-scopes": []
    }
  },
  "swagger": "2.0",
  "info": {
    "title": "Firealarm",
    "description": "Firealarm API",
    "version": "1.0"
  }
}